mc_run,component,RUL_days
1,compressor,1001.0
1,coil,1001.0
1,filter,103.0
1,fan,1001.0
1,pump,1001.0
2,compressor,1001.0
2,coil,1001.0
2,filter,108.0
2,fan,1001.0
2,pump,1001.0
3,compressor,1001.0
3,coil,1001.0
3,filter,235.0
3,fan,1001.0
3,pump,1001.0
4,compressor,1001.0
4,coil,1001.0
4,filter,153.0
4,fan,1001.0
4,pump,1001.0
5,compressor,1001.0
5,coil,1001.0
5,filter,139.0
5,fan,1001.0
5,pump,1001.0
6,compressor,1001.0
6,coil,1001.0
6,filter,97.0
6,fan,1001.0
6,pump,1001.0
7,compressor,1001.0
7,coil,1001.0
7,filter,139.0
7,fan,1001.0
7,pump,1001.0
8,compressor,1001.0
8,coil,1001.0
8,filter,180.0
8,fan,1001.0
8,pump,1001.0
9,compressor,1001.0
9,coil,1001.0
9,filter,190.0
9,fan,1001.0
9,pump,1001.0
10,compressor,1001.0
10,coil,1001.0
10,filter,176.0
10,fan,1001.0
10,pump,1001.0
11,compressor,1001.0
11,coil,1001.0
11,filter,131.0
11,fan,1001.0
11,pump,1001.0
12,compressor,1001.0
12,coil,1001.0
12,filter,97.0
12,fan,1001.0
12,pump,1001.0
13,compressor,1001.0
13,coil,1001.0
13,filter,170.0
13,fan,1001.0
13,pump,1001.0
14,compressor,1001.0
14,coil,1001.0
14,filter,229.0
14,fan,1001.0
14,pump,1001.0
15,compressor,1001.0
15,coil,1001.0
15,filter,233.0
15,fan,1001.0
15,pump,1001.0
16,compressor,1001.0
16,coil,1001.0
16,filter,115.0
16,fan,1001.0
16,pump,1001.0
17,compressor,1001.0
17,coil,1001.0
17,filter,105.0
17,fan,1001.0
17,pump,1001.0
18,compressor,1001.0
18,coil,1001.0
18,filter,293.0
18,fan,1001.0
18,pump,1001.0
19,compressor,1001.0
19,coil,1001.0
19,filter,324.0
19,fan,1001.0
19,pump,1001.0
20,compressor,1001.0
20,coil,1001.0
20,filter,141.0
20,fan,1001.0
20,pump,1001.0
21,compressor,1001.0
21,coil,1001.0
21,filter,271.0
21,fan,1001.0
21,pump,1001.0
22,compressor,1001.0
22,coil,1001.0
22,filter,103.0
22,fan,1001.0
22,pump,1001.0
23,compressor,1001.0
23,coil,1001.0
23,filter,208.0
23,fan,1001.0
23,pump,1001.0
24,compressor,1001.0
24,coil,1001.0
24,filter,272.0
24,fan,1001.0
24,pump,1001.0
25,compressor,1001.0
25,coil,1001.0
25,filter,88.0
25,fan,1001.0
25,pump,1001.0
26,compressor,1001.0
26,coil,1001.0
26,filter,262.0
26,fan,1001.0
26,pump,1001.0
27,compressor,1001.0
27,coil,1001.0
27,filter,216.0
27,fan,1001.0
27,pump,1001.0
28,compressor,1001.0
28,coil,1001.0
28,filter,267.0
28,fan,1001.0
28,pump,1001.0
29,compressor,1001.0
29,coil,1001.0
29,filter,287.0
29,fan,1001.0
29,pump,1001.0
30,compressor,1001.0
30,coil,1001.0
30,filter,393.0
30,fan,1001.0
30,pump,1001.0
31,compressor,1001.0
31,coil,1001.0
31,filter,336.0
31,fan,1001.0
31,pump,1001.0
32,compressor,1001.0
32,coil,1001.0
32,filter,258.0
32,fan,1001.0
32,pump,1001.0
33,compressor,1001.0
33,coil,1001.0
33,filter,338.0
33,fan,1001.0
33,pump,1001.0
34,compressor,1001.0
34,coil,1001.0
34,filter,141.0
34,fan,1001.0
34,pump,1001.0
35,compressor,1001.0
35,coil,1001.0
35,filter,126.0
35,fan,1001.0
35,pump,1001.0
36,compressor,1001.0
36,coil,1001.0
36,filter,185.0
36,fan,1001.0
36,pump,1001.0
37,compressor,1001.0
37,coil,1001.0
37,filter,206.0
37,fan,1001.0
37,pump,1001.0
38,compressor,1001.0
38,coil,1001.0
38,filter,159.0
38,fan,1001.0
38,pump,1001.0
39,compressor,1001.0
39,coil,1001.0
39,filter,96.0
39,fan,1001.0
39,pump,1001.0
40,compressor,1001.0
40,coil,1001.0
40,filter,99.0
40,fan,1001.0
40,pump,1001.0
41,compressor,1001.0
41,coil,1001.0
41,filter,351.0
41,fan,1001.0
41,pump,1001.0
42,compressor,1001.0
42,coil,1001.0
42,filter,255.0
42,fan,1001.0
42,pump,1001.0
43,compressor,1001.0
43,coil,1001.0
43,filter,233.0
43,fan,1001.0
43,pump,1001.0
44,compressor,1001.0
44,coil,1001.0
44,filter,228.0
44,fan,1001.0
44,pump,1001.0
45,compressor,1001.0
45,coil,1001.0
45,filter,145.0
45,fan,1001.0
45,pump,1001.0
46,compressor,1001.0
46,coil,1001.0
46,filter,179.0
46,fan,1001.0
46,pump,1001.0
47,compressor,1001.0
47,coil,1001.0
47,filter,343.0
47,fan,1001.0
47,pump,1001.0
48,compressor,1001.0
48,coil,1001.0
48,filter,190.0
48,fan,1001.0
48,pump,1001.0
49,compressor,1001.0
49,coil,1001.0
49,filter,155.0
49,fan,1001.0
49,pump,1001.0
50,compressor,1001.0
50,coil,1001.0
50,filter,295.0
50,fan,1001.0
50,pump,1001.0
51,compressor,1001.0
51,coil,1001.0
51,filter,102.0
51,fan,1001.0
51,pump,1001.0
52,compressor,1001.0
52,coil,1001.0
52,filter,340.0
52,fan,1001.0
52,pump,1001.0
53,compressor,1001.0
53,coil,1001.0
53,filter,88.0
53,fan,1001.0
53,pump,1001.0
54,compressor,1001.0
54,coil,1001.0
54,filter,297.0
54,fan,1001.0
54,pump,1001.0
55,compressor,1001.0
55,coil,1001.0
55,filter,100.0
55,fan,1001.0
55,pump,1001.0
56,compressor,1001.0
56,coil,1001.0
56,filter,91.0
56,fan,1001.0
56,pump,1001.0
57,compressor,1001.0
57,coil,1001.0
57,filter,77.0
57,fan,1001.0
57,pump,1001.0
58,compressor,1001.0
58,coil,1001.0
58,filter,107.0
58,fan,1001.0
58,pump,1001.0
59,compressor,1001.0
59,coil,1001.0
59,filter,110.0
59,fan,1001.0
59,pump,1001.0
60,compressor,1001.0
60,coil,1001.0
60,filter,132.0
60,fan,1001.0
60,pump,1001.0
61,compressor,1001.0
61,coil,1001.0
61,filter,110.0
61,fan,1001.0
61,pump,1001.0
62,compressor,1001.0
62,coil,1001.0
62,filter,276.0
62,fan,1001.0
62,pump,1001.0
63,compressor,1001.0
63,coil,1001.0
63,filter,152.0
63,fan,1001.0
63,pump,1001.0
64,compressor,1001.0
64,coil,1001.0
64,filter,157.0
64,fan,1001.0
64,pump,1001.0
65,compressor,1001.0
65,coil,1001.0
65,filter,98.0
65,fan,1001.0
65,pump,1001.0
66,compressor,1001.0
66,coil,1001.0
66,filter,168.0
66,fan,1001.0
66,pump,1001.0
67,compressor,1001.0
67,coil,1001.0
67,filter,187.0
67,fan,1001.0
67,pump,1001.0
68,compressor,1001.0
68,coil,1001.0
68,filter,133.0
68,fan,1001.0
68,pump,1001.0
69,compressor,1001.0
69,coil,1001.0
69,filter,222.0
69,fan,1001.0
69,pump,1001.0
70,compressor,1001.0
70,coil,1001.0
70,filter,274.0
70,fan,1001.0
70,pump,1001.0
71,compressor,1001.0
71,coil,1001.0
71,filter,164.0
71,fan,1001.0
71,pump,1001.0
72,compressor,1001.0
72,coil,1001.0
72,filter,179.0
72,fan,1001.0
72,pump,1001.0
73,compressor,1001.0
73,coil,1001.0
73,filter,235.0
73,fan,1001.0
73,pump,1001.0
74,compressor,1001.0
74,coil,1001.0
74,filter,192.0
74,fan,1001.0
74,pump,1001.0
75,compressor,1001.0
75,coil,1001.0
75,filter,192.0
75,fan,1001.0
75,pump,1001.0
76,compressor,1001.0
76,coil,1001.0
76,filter,203.0
76,fan,1001.0
76,pump,1001.0
77,compressor,1001.0
77,coil,1001.0
77,filter,188.0
77,fan,1001.0
77,pump,1001.0
78,compressor,1001.0
78,coil,1001.0
78,filter,125.0
78,fan,1001.0
78,pump,1001.0
79,compressor,1001.0
79,coil,1001.0
79,filter,212.0
79,fan,1001.0
79,pump,1001.0
80,compressor,1001.0
80,coil,1001.0
80,filter,84.0
80,fan,1001.0
80,pump,1001.0
81,compressor,1001.0
81,coil,1001.0
81,filter,89.0
81,fan,1001.0
81,pump,1001.0
82,compressor,1001.0
82,coil,1001.0
82,filter,164.0
82,fan,1001.0
82,pump,1001.0
83,compressor,1001.0
83,coil,1001.0
83,filter,203.0
83,fan,1001.0
83,pump,1001.0
84,compressor,1001.0
84,coil,1001.0
84,filter,152.0
84,fan,1001.0
84,pump,1001.0
85,compressor,1001.0
85,coil,1001.0
85,filter,100.0
85,fan,1001.0
85,pump,1001.0
86,compressor,1001.0
86,coil,1001.0
86,filter,131.0
86,fan,1001.0
86,pump,1001.0
87,compressor,1001.0
87,coil,1001.0
87,filter,106.0
87,fan,1001.0
87,pump,1001.0
88,compressor,1001.0
88,coil,1001.0
88,filter,153.0
88,fan,1001.0
88,pump,1001.0
89,compressor,1001.0
89,coil,1001.0
89,filter,134.0
89,fan,1001.0
89,pump,1001.0
90,compressor,1001.0
90,coil,1001.0
90,filter,215.0
90,fan,1001.0
90,pump,1001.0
91,compressor,1001.0
91,coil,1001.0
91,filter,117.0
91,fan,1001.0
91,pump,1001.0
92,compressor,1001.0
92,coil,1001.0
92,filter,246.0
92,fan,1001.0
92,pump,1001.0
93,compressor,1001.0
93,coil,1001.0
93,filter,124.0
93,fan,1001.0
93,pump,1001.0
94,compressor,1001.0
94,coil,1001.0
94,filter,98.0
94,fan,1001.0
94,pump,1001.0
95,compressor,1001.0
95,coil,1001.0
95,filter,278.0
95,fan,1001.0
95,pump,1001.0
96,compressor,1001.0
96,coil,1001.0
96,filter,137.0
96,fan,1001.0
96,pump,1001.0
97,compressor,1001.0
97,coil,1001.0
97,filter,300.0
97,fan,1001.0
97,pump,1001.0
98,compressor,1001.0
98,coil,1001.0
98,filter,119.0
98,fan,1001.0
98,pump,1001.0
99,compressor,1001.0
99,coil,1001.0
99,filter,308.0
99,fan,1001.0
99,pump,1001.0
100,compressor,1001.0
100,coil,1001.0
100,filter,86.0
100,fan,1001.0
100,pump,1001.0
101,compressor,1001.0
101,coil,1001.0
101,filter,275.0
101,fan,1001.0
101,pump,1001.0
102,compressor,1001.0
102,coil,1001.0
102,filter,82.0
102,fan,1001.0
102,pump,1001.0
103,compressor,1001.0
103,coil,1001.0
103,filter,107.0
103,fan,1001.0
103,pump,1001.0
104,compressor,1001.0
104,coil,1001.0
104,filter,141.0
104,fan,1001.0
104,pump,1001.0
105,compressor,1001.0
105,coil,1001.0
105,filter,110.0
105,fan,1001.0
105,pump,1001.0
106,compressor,1001.0
106,coil,1001.0
106,filter,108.0
106,fan,1001.0
106,pump,1001.0
107,compressor,1001.0
107,coil,1001.0
107,filter,84.0
107,fan,1001.0
107,pump,1001.0
108,compressor,1001.0
108,coil,1001.0
108,filter,227.0
108,fan,1001.0
108,pump,1001.0
109,compressor,1001.0
109,coil,1001.0
109,filter,142.0
109,fan,1001.0
109,pump,1001.0
110,compressor,1001.0
110,coil,1001.0
110,filter,300.0
110,fan,1001.0
110,pump,1001.0
111,compressor,1001.0
111,coil,1001.0
111,filter,137.0
111,fan,1001.0
111,pump,1001.0
112,compressor,1001.0
112,coil,1001.0
112,filter,259.0
112,fan,1001.0
112,pump,1001.0
113,compressor,1001.0
113,coil,1001.0
113,filter,146.0
113,fan,1001.0
113,pump,1001.0
114,compressor,1001.0
114,coil,1001.0
114,filter,145.0
114,fan,1001.0
114,pump,1001.0
115,compressor,1001.0
115,coil,1001.0
115,filter,167.0
115,fan,1001.0
115,pump,1001.0
116,compressor,1001.0
116,coil,1001.0
116,filter,155.0
116,fan,1001.0
116,pump,1001.0
117,compressor,1001.0
117,coil,1001.0
117,filter,113.0
117,fan,1001.0
117,pump,1001.0
118,compressor,1001.0
118,coil,1001.0
118,filter,107.0
118,fan,1001.0
118,pump,1001.0
119,compressor,1001.0
119,coil,1001.0
119,filter,161.0
119,fan,1001.0
119,pump,1001.0
120,compressor,1001.0
120,coil,1001.0
120,filter,140.0
120,fan,1001.0
120,pump,1001.0
