solution_id,zone_setpoint_C,chw_setpoint_C,fan_command,pump_command,maintenance_delay_days,maintenance_action,energy_cost_objective,comfort_ppd_objective,health_risk_objective,maintenance_risk_cost_objective
1,25.801379509060823,8.441537790628376,0.5268081930886528,0.5,24.477573739738144,compressor,1870.51884515419,109.86309658147415,0.0,2100.0
2,25.743496408044322,8.349902975151107,0.5587521911263007,0.5299121686586497,25.041229929808075,compressor,1895.777336325526,96.9648046610207,0.0,2100.0
3,26.0,6.791565586982796,0.5061448882693597,0.6415968082312631,13.828296222769605,pump,1929.0124782332243,94.05341159291096,0.0,850.0
4,24.985248930852002,6.997846566203616,0.5,0.5,7.4027015694785065,pump,1940.006135083646,39.723069318698776,0.0,850.0
5,24.82687461853634,6.997846566203616,0.5,0.5,11.183318375460631,pump,1948.2819200878391,31.01248214133739,0.0,850.0
6,24.888320841665248,7.398194310818699,0.5382746908257938,0.7097191331121258,3.702841671839275,coil,1957.7235321617356,30.974490345190087,0.0,750.0
7,25.413612293072664,5.935757943461363,0.529151370844533,0.6406919460109983,8.807812733000508,fan,1990.195742847707,56.25734399181681,0.0,700.0
8,24.80180653580422,7.282924146666001,0.5776619708275318,0.5765632544669075,10.040902839898791,fan,1991.9713927942696,17.140921438553093,0.0,700.0
9,24.236828642981653,6.215800392250449,0.5154089172839698,0.7183586946161812,6.437540184585876,coil,2017.803420164327,12.90558193624888,0.0,750.0
10,24.67749544136264,7.096333909229314,0.6176490586636729,0.5643268113139699,7.859982628375989,filter,2019.8577548734395,13.054509820520892,0.0,160.0
11,24.692860113202244,7.017046075543613,0.6835382351129125,0.6083523222005573,12.832955950733833,filter,2073.2347544454237,11.558786137338457,0.0,160.0
12,24.575460480322658,8.29104645308332,0.7217070994136656,0.6136193608923884,16.637543610475046,none,2077.553167778386,12.923142478137345,0.0,0.0
13,24.575460480322658,8.135014607708973,0.7217070994136656,0.6157895784607603,16.637543610475046,none,2082.2116063643907,12.611078787388655,0.0,0.0
14,24.241147676360498,6.972740818098776,0.6899799306980856,0.7080825026259073,8.943946243672393,coil,2093.94015595216,9.141941460892298,0.0,750.0
15,23.9671356255431,6.838909895179698,0.6781128481032328,0.6251667635752803,20.679094477531216,compressor,2116.028128942766,8.583210709169096,0.0,2100.0
16,24.673611847161887,6.88438482457253,0.7826180532405944,0.8824994287080128,19.041549600017724,filter,2270.649628903313,10.04421154558416,0.0,160.0
17,24.440636414288345,7.3213415185737984,0.8800935130744789,0.7584985138405375,17.586683230516517,none,2311.0394921620477,9.701453688303898,1.496580637194711e-14,5.986322548778844e-11
18,24.4084118750812,7.154400714610102,0.8847258387477872,0.7614694980113069,17.279869386360218,none,2323.6644955250913,9.206867184076737,1.807443084089755e-14,7.22977233635902e-11
19,24.491979906440626,6.415227260098605,0.8634042606604274,0.8064304853364708,19.3898793229912,filter,2331.8609643917266,9.139994241846638,0.0,160.0
20,24.43734185944318,6.590801890293935,0.9389139796144023,0.6866245810467846,17.45448164889939,coil,2346.7813361325434,8.911323357821765,1.45417011765403e-13,750.0000000005816
21,24.274761979098106,5.945094783972746,0.8959391488592836,0.7610371670515783,13.598614392514481,compressor,2370.554116880708,8.230827628272905,2.828848266744899e-14,2100.0000000001132
22,24.222022601706968,6.998162813310098,0.9083430502280064,0.8524331292330498,19.008134739377187,none,2409.596382910404,7.968249476717585,4.598543767997398e-14,1.8394175071989594e-10
23,24.075987915457432,5.690842918114243,0.9818473163992637,0.8142960956030114,14.761468324457207,none,2528.9839573363133,7.244705558411003,6.617151271370858e-13,2.646860508548343e-09
